game_name,app_id,review_text,user_score,voted_up,source
Hollow Knight: Silksong,7425,قصة اللعبة أعمق وبها الكثير من التفاصيل الملحمية والفلسفية شخصية Hornet مرسومة بعناية فائقة ومكتوبة بطريقة بديعة أسلوب قتال متين يجعلك تشعر أنك ترقص مع الأعداء نظام التمائم يشجع على الاستكشاف بصورة كبيرة محتوى لعب يمتد لساعات طويلة جدًا سعر اللعبة رخيص للغاية تصميم عالم اللعبة به الكثير من البيئات وذات توجه فني فريد,9,True,ArabHardware
Hollow Knight: Silksong,7425,النهائية السرية تحتاج لبعض المهام الجانبية، بعضها قد يكون مملًا,4,False,ArabHardware
Ninja Gaiden 4,18722,نظام قتال عبقري ومتقن من أفضل ما قُدّم في تاريخ السلسلة تنوع كبير في الأسلحة والحركات والتحولات عمق استراتيجي مع نظام Blood Raven و Berserk Meter محتوى تحديات إضافي (Purgatory Gates و Combat Trials) مشجّع للإعادة أداء تقني سلس وصعوبة قابلة للتخصيص,8,True,ArabHardware
Ninja Gaiden 4,18722,قصة ضعيفة وشخصية رئيسية باهتة تصميم مستويات ممل ومتكرر مشاركة Ryu محدودة ومخيّبة للآمال توازن متفاوت في جودة الزعماء,4,False,ArabHardware
Battlefield 6,19051,أداء تقني مثالي أطوار تقنية متنوعة على الكونسول قصة تعطي جرعة أكشن ممتازة أطوار أونلاين منوعة وكثيرة محتوى غزير ترجمة عربية متقنة عدد ضخم من الأسلحة,9,True,ArabHardware
Battlefield 6,19051,تصميم واجهة المستخدم بدائي ومنفر القصة ضعيفة كتابيًا لا شيء جديد ثوري في الأونلاين غياب معارك البحرية غياب المناخ الديناميكي من الجزء الماضي التقدم في المستوى وتوزيع الـXP بطيء,4,False,ArabHardware
Borderlands 4,18111,محتوى قصصي رائع يأخذنا إلى عالم جديد تمامًا عالم مفتوح يتم تقديمه لأول مرة في السلسلة أسلوب تصويب ممتاز مع العديد من الإضافات قتال زعماء مُحسن وبه بُعد تكتيكي لعب جماعي ممتع ومهام عديدة متنوعة اللعبة عمومًا تقدم أفكار جديدة تمامًا على السلسلة ومعظمها كانت ممتازة,8,True,ArabHardware
Borderlands 4,18111,أداء تقني هو الأسوأ مشاكل بالجملة أثناء اللعب الجماعي تصميم عالم ضعيف,4,False,ArabHardware
EA Sports FC 26,18960,تحسينات على أسلوب اللعب و جعله أكثر واقعية. رسوميات محسنة وتفاصيل واقعية وحركة طبيعية. أطوار لعب جديدة وتجديدات ملحوظة في الاطوار القديمة. تفاعل ديناميكي ملحوظ للجمهور مع المباراة.,5,False,ArabHardware
EA Sports FC 26,18960,بعض المشاكل في الاستجابة عند تنفيذ بعض الحركات. واجهة ثقيلة الى حد ما وغير سلسة.,4,False,ArabHardware
Ghost of Yotei,18449,عالم مفتوح من بين الأفضل في صناعة الألعاب مستوى رسومي جبار معارك صعبة مصممة باحترافية وحب بيئات اليابان من بين الأجمل في هذا الجيل قصة وشخصيات ممتازة سرد مثالي وحماسي، لا تهبط وتيرته أبدًا عمر اللعبة مناسب، والمحتوى الجانبي غزير محتوى جانبي منوع نظام الاستكشاف عظيم تحسن كبير في تعابير الوجوه وتفاصيل الشخصيات عن الجزء الأول شخصية أتسو من بين أفضل شخصيات سوني الرئيسية,9,True,ArabHardware
Ghost of Yotei,18449,توزيع قائمة الأسلحة مربك تخفي محدود,4,False,ArabHardware
Dying Light: The Beast,18724,عودة أجواء الليل المرعبة كما في الجزء الأول، مع مطاردات الـ Volatiles القوية باركور مُحسَّن وأكثر واقعية وسلاسة من أي جزء سابق قصة مركزة غنية بالشخصيات الجديدة الجذابة مهام جانبية قوية بعضها يضاهي القصة الرئيسية أسلوب قتال ممتع يجمع بين الأسلحة اليدوية والنارية مع عناصر RPG وصناعة موارد تصميم عالم مفتوح أصغر لكنه مليء بالتفاصيل ويشجع على الاستكشاف معارك زعماء مميزة بأساليب متنوعة أفضل مستوى رسومي في السلسلة مع تنوع كبير في البيئات أداء تقني ممتاز ومستقر على الحاسب الشخصي دعم كامل للغة العربية بجودة عالية توفرها مجانًا لمُلاك Dying Light 2 Ultimate Edition,9,True,ArabHardware
Dying Light: The Beast,18724,غياب تقنية تتبع الأشعة عند الإطلاق (ستُضاف لاحقًا) وجود بعض المشكلات التقنية و bugs المضحكة أحيانًا بعض الأنشطة الجانبية مكررة مثل تشغيل المولدات ومحطات الطاقة,4,False,ArabHardware
Silent Hill f,18785,قصة ممتازة وطريقة سرد قوية بعض المراحل مثل مرحلة المدرسة كانت من بين الأفضل في السلسلة ألغاز قوية وتدعو للتفكير إمكانية تخصيص مستويات صعوبة المعارك والألغاز لخلق تجربة تناسبك نظام تجارة مصغر رائع تصميم بيئات قوي بصريًا ومتنوع إمكانية فتح مقاطع سينمائية وتفاصيل قصصية جديد مع كل تختيمة NG+ نظام المعارك قوي ومتقن معارك زعماء قوية رعب قوي يعود بالسلسلة إلى جذورها,9,True,ArabHardware
Silent Hill f,18785,بيئات ضيقة وخطية بصورة زائد استكشاف ضعيف عدم دعم اللعبة العربية تنوع ضعيف في الأعداء خصوصًا في الثلث الأخير من القصة,4,False,ArabHardware
Lost Soul Aside,18117,لحظات Platforming ممتازة أسلوب معارك ممتاز وسريع الوتيرة معارك زعماء قوية ومتنوعة شجرة مهارات متفرعة تصميم الشخصيات البصري جيد نظام تخصيص بصري جيد للأسلحة مستوى بصري ممتاز,5,False,ArabHardware
Lost Soul Aside,18117,قصة غير أصلية وضعيفة أداء تمثيلي متواضع موسيقى للنسيان مؤثرات بصرية متواضعة تصميم الأعداء مكرر نشاطات جانبية وأنظمة لا قيمة فعلية لها تمطيط في القصة خصوصًا الثلث الأخير تعابير وجوه سيئة تفتقر للمشاعر,4,False,ArabHardware
Indiana Jones and the Great Circle,17732,مجموعة رائعة من الألغاز هي الأفضل حتى بالمقارنة مع اللعبة الأصلية أداء صوتي ممتاز مع كتابة رائعة تصميم مميز لمنطقة روما,7,True,ArabHardware
Indiana Jones and the Great Circle,17732,السعر أعلى مما تقدمه التوسعة السردية الخاصة بالتوسعة غير متينة وليس لها ثقل لا يوجد أي تجديد أو تحسينات في أسلوب اللعب,4,False,ArabHardware
Cronos: The New Dawn,19035,مستوى رسومي مبهر بفضل محرك Unreal Engine 5 سرد بيئي ذكي يربطك بالعالم ويحفزك على الاستكشاف أجواء مرعبة تعتمد على الظلام والضباب بدلًا من الخضات التقليدية تنوع كبير في الأسلحة مع ميكانيكيات مبتكرة مثل اندماج الأعداء تصميم بيئات مترابط وعبقري يُعيد للأذهان ألعاب مثل Dark Souls وجود اختيارات ذات تأثير فعلي على مجرى الأحداث والنهايات موسيقى تصويرية قوية من Arkadiusz Reikowski تضيف عمقًا للأجواء إمكانية إعادة التجربة مع New Game Plus ولمسة إنسانية لطيفة: مداعبة القطط,9,True,ArabHardware
Cronos: The New Dawn,19035,مشكلات تقنية متكررة أبرزها الكراشات خصوصًا في المشاهد السينمائية غياب دعم اللغة العربية رغم دعم 15 لغة أخرى,4,False,ArabHardware
Metal Gear Solid Delta: Snake Eater,18116,قفزة رسومية مُبهرة قصة اللعبة ممتعة وبها الكثير من اللحظات المثيرة مازالت اللعبة تقدم أسلوب لعب ممتع بعد كل هذه السنوات أداء اللعبة التقني ممتاز النسخة تأتي بسعر مقبول جدًا الكاميرا الجديدة إضافة مميزة جدًا,9,True,ArabHardware
Metal Gear Solid Delta: Snake Eater,18116,النسخة لا يوجد بها أي إضافات جديدة بالمقارنة بالنسخة الأصلية اللعبة تعتبر بسيطة نسبيًا بالمقارنة بالألعاب الموجودة حاليًا,4,False,ArabHardware
Mafia: The Old Country,18399,ربط رائع بين الأجزاء الماضية والجزء الجديد نظام إطلاق نار ممتع نظام قيادة رائع ومتقن تصميم الشخصيات ممتاز تصميم السيارات رائع مستوى رسومي جيد ومستوى جمالي عظيم لهذه الحقبة التاريخية شخصيات متنوعة وطريقة سرد متتابعة بشكل ممتاز يعيد للذاكرة RDR2 موسيقى ممتازة,8,True,ArabHardware
Mafia: The Old Country,18399,أداء تقني متذبذب تكرار في أسلوب اللعب الثلث الأخير من القصة عانى من قفزة غير مبررة في الأحداث نظام تخفي سطحي,4,False,ArabHardware
Wuchang: Fallen Feathers,18943,أزياء اللعبة مُبهرة ومميزة نظام القتال سريع مقارنة بمعظم ألعاب السولز نظام الجنون الموجود في اللعبة رائع وممتع محتوى لعب ضخم يمتد لساعات طويلة سعر اللعبة 50 دولار فقط,7,True,ArabHardware
Wuchang: Fallen Feathers,18943,مشاكل أداء عديدة على الحاسب الشخصي عدم وجود أفكار أصلية كثيرة داخل اللعبة القصة قد تكون مشتتة قليلًا على الرغم من جودة فكرتها,4,False,ArabHardware
Death Stranding 2: On the Beach,18226,الرسوم والمؤثرات البصرية إضافة أدوات جديدة تغير من رتابة اللعبة ذكاء اصطناعي ممتاز للأعداء معارك زعماء ممتازة موسيقى مميزة وملحمية وأداءات صوتية مميزة أداءات تمثيلية رائعة من طاقم اللعبة تنوع بيئي ضخم معارك أفضل,6,True,ArabHardware
Death Stranding 2: On the Beach,18226,تصميم مهمات فقير ومتكرر قصة تعاني من التعقيد الزائد في ثلثها الأخير الإضافات الجديدة معظمها لا يقدم شيء &quot;ممتع&quot; فعليًا، كأن كوجيما نسى معنى المتعة الفارق الرسومي بين الجزء الأول والثاني ليس كبيرًا,4,False,ArabHardware
Elden Ring: Nightreign,18502,خطوة جريئة من From Software للتغيير مزج قوي بين تجربة السولز الـ Rogue-like التجربة ممتعة مع مجموعة من الأصدقاء اللعبة لا يزال بها قصة قوية وحتى ولو أخذت خطوة للوراء رسومات خلابة وتوجه فني رائع كالعادة اللعبة داعمة للغة العربية من اليوم الأول تسعير اللعبة ممتاز مقابل المحتوى,5,False,ArabHardware
Elden Ring: Nightreign,18502,التجربة الفردية غير متوازنة إطلاقًا تكرار في تصميم الخرائط وأشكالها خلال كل بعثة المواجهات مُكررة مع الأعداء بالأخص الزعماء الفرعيين أداء تقني غير مقبول على منصة PS5,4,False,ArabHardware
Onimusha 2: Samurai's Destiny (2025),18124,وجود لمسات عديد جديدة داخل اللعبة مثل طور Hell Mode تحسينات رسومية مقبولة جدًا اللعبة تأتي بسعر رائع تقدم اللعبة محتوى لعب جيد جدًا قصة اللعبة ممتعة,5,False,ArabHardware
Onimusha 2: Samurai's Destiny (2025),18124,أسلوب اللعب لم يتحسن ومازال عتيق اللعبة غير متاحة على منصات الجيل الجديد الكاميرا الثابتة مزعجة جدًا,4,False,ArabHardware
Clair Obscur: Expedition 33,18026,أسلوب لعب إدماني، يطمس الخط الفاصل بين ألعاب تبادل الأدوار وألعاب الأكشن التفاعلية عالم خلاب ينطق وهو صامت ويشارك في سرد القصة تصميم مراحل رائع على بساطته رسومات تستحق أن تُعرض في أكبر المتاحف، باستغلال رائع لمحرك Unreal Engine 5 صوتيات تطرب الآذان.. تشكل ركيزة أساسية في عالم اللعبة أداء تقني مستقر على PS5 متوفرة من اليوم الأول لمشتركي Game Pass,10,True,ArabHardware
Clair Obscur: Expedition 33,18026,غياب وضع التصوير يمنعنا من التقاط جمال العالم بشكل لائق,4,False,ArabHardware
MotoGP 25,18185,محاكاة ممتازة للدراجات النارية الحقيقية أداء جيد على مختلف المنصات العديد من أنواع السباقات على الرغم من نمطيتها تحسن واضح في جودة الذكاء الاصطناعي,7,True,ArabHardware
MotoGP 25,18185,فيزيائيات اللعبة كان من الممكن أن تكون أفضل تباين في جودة رسوم اللعبة تباين في جودة صوتيات اللعبة نمطية كبيرة في أنماط اللعب المختلفة التي تأتي مع اللعبة,4,False,ArabHardware
Doom: The Dark Ages,18023,القصة الأكثر سينمائية في تاريخ السلسلة أسلوب اللعب الأكثر قوة وعنفًا على الإطلاق تصميم مراحل خرافي وضخم يحثك على الاستكشاف وهنا الاستكشاف يكافئك على كل خطوة تخطوها في اللعبة أول تقديم للعالم الكوني في السلسلة بطريقة مختلفة ومبتكرة رسومات خرافية بدعم لتتبع الأشعة على محرك id Tech 8 فريق Finishing Move يُبدع في الموسيقى التصويرية أداء تقني ثابت لا غُبار عليه دعم للغة العربية لأول مرة في تاريخ السلسلة متوفرة من اليوم الأول على اشتراك Xbox Game Pass,10,True,ArabHardware
Doom: The Dark Ages,18023,عيب اللعبة الوحيد أنها تنتهي حرفيًا,4,False,ArabHardware
The Elder Scrolls IV: Oblivion Remastered,18437,تحسين كبير في الرسوم الخاصة بعالم اللعبة ورفع دقة التفاصيل ملامح الشخصيات أصبحت واقعية جدًا مع حركة شفاه ممتازة القوائم أصبحت ممتازة والخطوط واضحة جدًا في اللعبة قصة اللعبة ممتعة جدًا وبها الكثير من التفاصيل محتوى اللعب عملاق جدًا ويمتد لاكثر من 100 ساعة لعب عالم اللعبة تفاعلي وبه الكثير من التفاصيل الرائعة المهمات الموجودة في اللعبة رائعة سواء الرئيسية أو الجانبية,5,False,ArabHardware
The Elder Scrolls IV: Oblivion Remastered,18437,اللعبة تحتاج إلى عتاد قوي جدًا وتعتبر لعبة ثقيلة نظام القتال كان يحتاج إلى بعض التحسينات لتتماشى مع التحسينات الرسومية الرائعة يفضل تشغيل اللعبة على مساحة تخزين SSD,4,False,ArabHardware
South of Midnight,18309,قصة رائعة ومؤثرة خالية من الأجندات أسلوب لعب ممتع يُقدم أفكار جديدة مع كل فصل مواجهات زعماء رائعة بقصص مميزة توجه فني إبداعي ليس له مثيل موسيقى تصويرية تأسر الروح أداء تقني خالٍ من المشكلات اللعبة متوفرة على اشتراك Xbox Game Pass من اليوم الأول,9,True,ArabHardware
South of Midnight,18309,بعض التكرار في أسلوب اللعب بالأخص في أواخر اللعبة عدم دعمها للغة العربية بأي شكل,4,False,ArabHardware
Assassin's Creed Shadows,16792,القصة السياسية نفسها جيدة و ذكرتني بمسلسل Shogun عالم اليابان رائع وقادر على غمرك فيه لساعاتٍ طويلة تنوع أسلوب اللعب ومهارات ياسُكي ونآوي المختلفة نظام بناء المخبأ كان جيدًا وأضاف بعض التنوع على التجربة اللعبة مُبهرة بصريًا ببيئات خلابة وتنوع رهيب في الطقس والمواسم تقنية تتبع الأشعة أضافت الكثير للتجربة البصرية ترجمة عربية ممتازة كعادة ألعاب يوبيسوفت,5,False,ArabHardware
Assassin's Creed Shadows,16792,عدم وجود ذكر للأساسنز أو فرسان المعبد إلا في أواخر اللعبة تكرار في تصميم المهام الرئيسية تكرار وملل في تصميم الأنشطة الجانبية عناصر تقمص الأدوار تقتل المتعة كالعادة وضع الأداء لا يصلح للعب عليه عمومًا,4,False,ArabHardware
WWE 2K25,18048,نظام القتال ممتع واستخدم العناصر القوية من الأجزاء السابقة حركة المصارعين والضربات محكمة ومتينة اللعبة تحتوي على تشكيلة كبيرة جدًا من المصارعين تضم اللعبة عدد من أطوار اللعب الجديدة تحتوي اللعبة على محتوى لعب ضخم جدًا,5,False,ArabHardware
WWE 2K25,18048,وجود تفاوت واضح في تصميم المصارعين طور لعب The Island كارثة تقنية,4,False,ArabHardware
Split Fiction,18192,قصة درامية سينمائية مؤثرة أسلوب لعب من أمتع ما جربت تصميم ألغاز إبداعي ومختلف مراحل تضع معاييرًا جديدة لصناعة الألعاب أفضل تجربة تعاونية على الإطلاق رسومات خلابة وتوجه فني مُبهر أداء تقني لا غُبار عليه,10,True,ArabHardware
Split Fiction,18192,لا تدعم اللغة العربية,4,False,ArabHardware
Monster Hunter Wilds,17483,توجه قصصي سينمائي ممتاز سيناريو القصة مثير بالرغم من سطحيته أسلوب قتال ممتاز وعميق تنوع الأسلحة وآليات لعبها غير مسبوقة تنوع البيئات كبير ومهيب تصميم المخلوقات ومعارك الزعماء الأساسين أسطوري واجهة مستخدم أفضل من تلك الموجودة بالجزء السابق دعم اللغة العربية بترجمة لا يشوبها شائبة غياب شاشات التحميل بالكامل عن العالم المفتوح آليات تنقل سلسة وممتعة,9,True,ArabHardware
Monster Hunter Wilds,17483,أداء تقني متواضع رسوم متوسطة، تبدو جيدة في بعض الأحيان وسيئة في أحيان أخرى قصة سطحية,4,False,ArabHardware
Avowed,17747,تأثير اختيارات القصة على الأحداث قابلية ممتازة لإعادة اللعب قدرات خارقة مميزة يمكنك ترقيتها مع تقدمك في القصة يمكنك تغيير قدرات رفقائك بما يتناسب مع أسلوب لعبك استكشاف خرائط الكنوز السرية كانت رائعة اللعبة متوفرة مجانًا ضمن اشتراك Xbox Game Pass,6,True,ArabHardware
Avowed,17747,قصة ضعيفة بشخصيات وأحداث مملة أسلوب لعب يفتقر للتنوع عدم وجود استغلال كافي لعناصر تقمص الأدوار المهام الجانبية هي نسخ ولصق من بعضها البعض الطابع الرسومي لا يتناسب مع أجواء اللعبة تجربة تقنية متفاوتة وأداء سيء على الحاسب الشخصي,4,False,ArabHardware
Kingdom Come: Deliverance II,17486,قصة وشخصيات أسطورية سرد أكثر سينمائية من الجزء الأول يقترب من مستوى RDR2 اختيارات حوارية مؤثرة على الشخصيات والعالم تفاعلية كبيرة وغير مسبوقة مع العالم تحسين نظام القتال شجرة مهارات وأسلوب ترقية أسطوريين مهام جانبية أسطورية محتوى جانبي وفير رسوم خلابة وعالم مفتوح تفاعلي ومليء بالتفاصيل استكشاف قوي ومكافيء لمن يسعى وراءه أداء تقني ثابت ومصقول جدًا فيزيائية وأنيميشن أسطوريين,5,False,ArabHardware
Kingdom Come: Deliverance II,17486,استهداف الواقعية المفرطة قد ينفر البعض من اللعبة بعض المشاكل التقنية حتى بعد الإطلاق القتال لم يحصل على تحسينات كافية الفروق بين الـBuilds القتالية المختلفة ليس كافيًا عدم دعم المنطقة العربية بنسخة منقحة أو ترجمة محلية,4,False,ArabHardware
Sid Meier's Civilization VII,17742,نظام اقتصادي ممتع يحافظ على إرث اللعبة الرسوم محسنة بشكل واضح خريطة اللعبة ممتازة جدًا الحركة على الخريطة حية جدًا وبها تفاصيل كثيرة النظام السياسي ممتع وبسيط,8,True,ArabHardware
Sid Meier's Civilization VII,17742,نظام المعارك أبسط من اللازم الشخصيات هذه المرة ليست جذابة لا يوجد أفكار جديدة عديدة,4,False,ArabHardware
Silent Hill 2,16791,قصة سوداوية مأساوية تعكس الجانب البشري المُظلم أداء تمثيلي أسطوري من كافة طاقم التمثيل الجديد منظور الشخص الثالث أضاف على التجربة وجعلها أكثر متعة توسعات ضخمة لمناطق اللعبة الأصلية لتُصبح ضعف عمرها في التختيم الاستكشاف هنا له متعته الخاصة ويُفيدك في الحصول على موارد وفهم القصة الذكاء الاصطناعي للأعداء كان رائعًا بالتحديد في مواجهة الزعماء ألغاز أسطورية تجعلك تُفكر بحق، مع ألغاز جديدة كليًا من تصميم Bloober Team استغلال تام لمحرك Unreal Engine 5 وكل إمكانياته اللعبة تُقدم أفضل ظلام دامس رأيته في تاريخ الألعاب! تصميم صوتي وموسيقى تصويرية لا غُبار عليهما,9,True,ArabHardware
Silent Hill 2,16791,هبوط ملحوظ في الفريمات سواء على وضع الدقة أو الأداء بعض الأنيميشنز أثناء القتالات ليست الأفضل اللعبة لا تدعم اللغة العربية بأي شكل,4,False,ArabHardware
Astro Bot,17118,تنوع رائع في عالم اللعبة والبيئات أكثر من 75 مرلحة وكل مرحلة لها الطابع الخاص بها وأفكارها الخاصة نظام صوتي ممتاز مع قطع موسيقية رائعة رسوم اللعبة خلابة ومحكمة والتلوين متقن لأقصى درجة اللعبة تستغل كل قدرات يد التحكم الخاصة بمنصة بلايستيشن 5 أداء اللعبة ممتاز مما يجعلها تحفة تقنية مع فيزيائيات ممتازة فكرة إنقاذ بوتس من ألعاب بلايستيشن الحصرية فكرة ممتعة جدًا اللعبة بها محتوى لعب غزير وتحتاج منك إلى 20 ساعة لعب تقريبًا,10,True,ArabHardware
Astro Bot,17118,تكرار تصميم الأعداء,4,False,ArabHardware
Elden Ring: Shadow of the Erdtree,16525,توسيع ممتاز على قصة ELDEN RING بشخصيات وأحداث هامة تصميم مراحل وبناء عالم يتفوق على اللعبة الأصلية بترابط رائع كمية ضخمة من المحتوى الجديد يجعلها بقيمة لعبة كاملة قيمة أسطورية مقابل سعر مواجهة الزعماء أكثر صعوبة وعنف وقوة في Shadow of the Erdtree توجه فني ساحر كعادة فريق From Software وأخيرًا ELDEN RING تدعم اللغة العربية بترجمة ممتازة,10,True,ArabHardware
Elden Ring: Shadow of the Erdtree,16525,انخفاض الإطارات في بعض المناطق الجديدة,4,False,ArabHardware
Senua's Saga: Hellblade II,16475,قصة أسطورية بشخصيات مميزة رغم قصر عمرها إخراج وتمثيل يجعلانك تتأثر بالعالم وتشعر بشخصياته استعراض ممتاز لمرض الذهان وتأثيره على العقل المعارك واقعية و عنيفة ودموية لأبعد الحدود الألغاز تحسنت بشكل كبير عن الجزء الأول رسومات من أفضل ما تم تقديمه في تاريخ الصناعة مؤثرات صوتية تغمرك في هذا العالم اختيار مثالي لفرقة Heilung ليقدموا موسيقى اللعبة التصويرية ترجمة عربية جيدة اللعبة متوفرة من اليوم الأول ضمن اشتراك Xbox Game Pass,8,True,ArabHardware
Senua's Saga: Hellblade II,16475,تكرار المواجهات في اللعبة بشكل 1 ضد 1 نصف عمر اللعب تقريبًا حوالي سير ببطئ فقط في عالم لا يحثك على الاستكشاف عدم استغلال منظومة المعارك أبعاد العرض السينمائية مزعجة وتؤثر على عرض كادرات اللعبة,4,False,ArabHardware
The Invincible,15764,قصة مميزة بحبكة درامية فلسفية رائعة حوارات أسطورية وشخصيات مميزة التنقل على سطح كوكب مجهول يدفع بداخلك شعور الرهبة مستوى رسومي خلاب على محرك Unreal Engine 5 تجربة سماعية ممتازة بموسيقى تصويرية مؤثرة أداء تقني سلس على منصة الحاسب الشخصي,8,True,ArabHardware
The Invincible,15764,عدم استغلال ميكانيكيات أسلوب اللعب بالشكل المثالي هبوط مُفاجئ في الإطارات مع حدوث تقطيع,4,False,ArabHardware
Alan Wake 2,15022,قصة من الأفضل في التاريخ بطرق سرد إبداعية تقديم إحساسين مختلفين أثناء اللعب بـ Alan و Saga إتقان استوديو Remedy لعناصر الرعب والبقاء في أول توجه لهم لتلك النوعية أفضل ما رأينا في عالم الألعاب من الناحية الرسومية حتى الآن تمثيل صوتي أسطوري ينقل مشاعر الشخصيات مع دمج مشاهد واقعية موسيقى تصويرية خلابة تقشعر لها الأبدان وتأسر روح الرعب تجربة تقنية سلسة شبه خالية من العيوب,10,True,ArabHardware
Alan Wake 2,15022,بعض الجليتشات البسيطة التي لا تؤثر على التجربة,4,False,ArabHardware
Jusant,15742,قصة مأساوية يتم حكايتها عبر البيئة بطرق مميزة لم أتوقع أن تُعجبني فكرة التسلق بهذا الشكل كل فصل تقريبًا يحاول تقديم ميكانيكية لعب جديدة كائن الـ Ballast كيوت ويستحق التواجد كميزة في اللعبة xD رسومات خلابة واستعراض لقدرات Unreal Engine 5 بتفاصيل مُبهرة الموسيقى التصويرية جميلة ومريحة للأعصاب اللعبة تعمل بسلاسة على الأجهزة المتوسطة,8,True,ArabHardware
Jusant,15742,الفصل السادس خيب آمالي نسبيًا الميكانيكيات لم يتم استغلالها بالشكل الكافي لخلق ألغاز أصعب بعض المشاكل التقنية التي أتوقع حلها بتحديثات,4,False,ArabHardware
Ghostrunner 2,15392,تركيز أكبر على القصة وشخصياتها في الجزء الثاني أسلوب اللعب أصبح أكثر سرعة وعنفًا إضافة مجموعة من القدرات والمهارات الجديدة تحسينات رائعة على منظومة الباركور تقديم أفكار جديدة مميزة بالدراجة النارية والبدلة الطائرة مواجهات زعماء أسطورية بأفكار مُبتكرة رسومات خلابة بتنويع جميل في تصميم البيئات تجربة تقنية لا غُبار عليها على حاسوب متوسط,5,False,ArabHardware
Ghostrunner 2,15392,بعض التحديات الجانبية مزعجة نسبيًا لم يتم استغلال الدراجة النارية والبدلة الطائرة بالشكل الكافي اللعبة قدمت عالم خارجي كبير ومميز لكنه شبه خالي من الأفكار,4,False,ArabHardware
EA Sports FC 24,15502,نظام PlayStyle+ يمنح فرص أكبر. تطوير اللاعبين في الـ Ultimate Team خطوة رائعة للأمام التمرير صار أكثر واقعية تحسينات جيدة على المستوى الرسومي للملعب ككل نظام HyperMotionV قدم واقعية أجمل للحركة قوائم أفضل من ذي قبل دعم اللعب المشترك في أنماط Volta وPro Clubs,5,False,ArabHardware
EA Sports FC 24,15502,نسخة الـ PC تحتاج للتحسين لا زال نمط الـ Ultimate Team جشعًا للغاية وضع السيدات في الـ Ultimate Team لم يتم بشكلٍ محسوب نفس تجربة الجزء الماضي في معظم الأنماط,4,False,ArabHardware
Assassin's Creed Mirage,15005,تصميم عالم بغداد خرافي جيمبلاي ممتع للغاية ويعود لجذور السلسلة التخفي والتسلل أسلوب القتال وحركات الأنيميشنز الجديدة كيفية تقديم الإسلام والحضارة العراقية في عصرها الذهبي الدعم العربي في تمثيل حضارتنا وثقافتنا بأفضل شكل اللعبة مترجمة بالكامل ومدبلجة باللغة العربية نظام السمعة عالم حيوي ومتفاعل الأداء التقني ثابت رسوميات بغداد وتوجهها الفني الموسيقى تأخذك لعالم آخر نظام الأدوات,7,True,ArabHardware
Assassin's Creed Mirage,15005,اللعبة لا تقدم أو تؤخر في حبكة السلسلة العامة وقصة الوقت الحاضر قصة اللعبة الأساسية غير متشابكة وتقديمها لم يكن الأمثل نظام الباركور فشل في الوصول للتوقعات نهاية اللعبة كان يمكن تقديمها بشكل أفضل بكثير,4,False,ArabHardware
Forza Motorsport,15504,أفضل نظام قيادة ومحاكاة للواقع فيزيائية خرافية لكافة السيارات إمكانيات تخصيص رائعة وسهلة على كل اللاعبين تجربة بصرية أحيانًا تكون جيدة الصوتيات ممتازة كالعادة في سلسلة فورزا أداء تقني جيد على الحاسب الشخصي نظام تقدم ممتاز يجعلك تود اللعب أكثر وأكثر,7,True,ArabHardware
Forza Motorsport,15504,الرسومات أضعف مما تم استعراضه وتشعر بأنها باهتة الألوان دائمًا محتوى أقل وأضعف من الجزء السابق الذكاء الاصطناعي سيء للغاية بشكل غير متوقع عدم دعم اللغة العربية رغم دعم الجزء السابق,4,False,ArabHardware
Witchfire,15601,قصة بسيطة لكنها تدفعك للقيام بالمهام تصميم العالم أسطوري برسومات خلابة أسلوب لعب وكأنه من استوديو AAA وليس مستقلاً الأداء التقني مستقر معظم الوقت على الحاسب الشخصي المواجهات مميزة وصعبة وتحتاج للتركيز في كل خطوة اللعبة تُصبح أصعب كلما تُزيد من مستواك وتضع أمامك أعداء أقوى,8,True,ArabHardware
Witchfire,15601,اللعبة تُعاني من الكثير من المشاكل التقنية الملحوظة المحتوى قليل في نسخة الدخول المُبكر على لعبة سعرها 40 دولار,4,False,ArabHardware
Mortal Kombat 1,15004,نظام الـ Kameo الجديد رائع وممتع جدًا القصة الجديدة مميزة وتمهد لفصل جديد من السلسلة الرسوم الخاصة باللعبة ممتازة والمشاهد السينمائية مصقولة الأصوات في اللعبة ممتازة وخصوصًا الأداء الصوتي الضربات في اللعبة مصقولة وتشعر بقوتها,5,False,ArabHardware
Mortal Kombat 1,15004,أداء اللعبة على الحاسب الشخصي ليس أفضل ما يمكن طور الأونلاين عتيق ولم يتم تجديده بالمقارنة مع الجزء الماضي,4,False,ArabHardware
Lies of P,15437,تغيير مميز على قصة بينوكيو التي نعرفها تقديم عالم وحقبة زمنية تُعطيك احساس ومميز أسلوب لعب يُتيح لك حرية التخصيص بما يتناسب معك تجربة بصرية جميلة جدًا مع وجود 11 فصل بهم أماكن مختلفة موسيقى تصويرية أسطورية و تمثيل صوتي لا غُبار عليه أداء تقني هو الأفضل في عام 2023 اللعبة متوفرة ضمن اشتراك Xbox Game Pass من اليوم الأول,5,False,ArabHardware
Lies of P,15437,الحركات بها مشاكل ملحوظة خاصةً عند الدحرجة وتأخير ضربات الأعداء فتح المهارات يتطلب وقتًا أكثر من الطبيعي مما أثر على التجربة سلبًا تفاوت بسيط في تصميم بعض المراحل,4,False,ArabHardware
Cyberpunk 2077: Phantom Liberty,15196,قصة خرافية تتفوق على اللعبة الرئيسية شخصيات جديدة مميزة بتمثيل رائع بقيادة Idris Elba مهام القصة الرئيسية أسطورية وبالتحديد آخر مهمتين في اللعبة حسب اختياراتك منطقة Dogtown الجديدة من أفضل المناطق في مدينة نايت سيتي الكثير من الأسلحة والمركبات وإمكانيات التخصيص الجديدة الموسيقى التصويرية تستمر في التألق كأحد أفضل عناصر سايبربانك مهام جانبية على نفس مستوى المهام الرئيسية مواجهات زعماء مميزة رغم قلتها شجرة مهارات جديدة مميزة تفتح أفكار جديدة لأسلوب اللعب 25 ساعة لعب في إضافة سعرها 30 دولار,5,False,ArabHardware
Cyberpunk 2077: Phantom Liberty,15196,بعض المشاكل التقنية التي سيتم حلها بالتأكيد عدم استغلال فوضى منطقة Dogtown بالشكل المثالي,4,False,ArabHardware
The Crew Motorfest,15493,اللعبة تحتوي على عدد ضخم جدًا من المركبات تضم اللعبة سباقات متنوعة جدًا تشمل السيارات، الدرجات النارية، لنشات البحر، والطائرات محتوى اللعب ضخم جدًا والسباقات متنوعة وحماسية تصاميم السيارات غاية في الروعة والواقعية خريطة هاواي ضخمة وبها الكثير من الأنشطة حجم اللعبة صغير ولا تحتاج لعتاد قوي نظام ترقية السيارة وقطع الغيار جيد جدًا,5,False,ArabHardware
The Crew Motorfest,15493,الحبكة الدرامية ضعيفة سباقات الطائرات ضعيفة المستوى اللعبة تحتوي على متجر يدعم شراء الأدوات,4,False,ArabHardware
Baldur's Gate 3,9136,قصة متينة ومتشعبة وبها الكثير من التفاصيل عالم مفتوح رائع يعطي اللاعب حرية تامة في التنقل والتفاعل نظام اختيارات هو الأروع في صناعة الالعاب أسلوب قتال مركب ومعقد لأقصى درجة به الكثير من التفاصيل نظام تقلد أدوار لم نرى مثله من قبل من حيث التعقيد والتشعب قيمة إعادة لعب لا حدود لها مستوى رسومي وبناء مبهر لعالم اللعبة جميع الشخصيات الموجودة داخل اللعبة لها بريق خاص وحبكة قصصية مميزة نظام عتد وأدوات جديد يعطي اللاعب الحرية في بناء شخصيته,5,False,ArabHardware
Baldur's Gate 3,9136,الأداء الصوتي ليس الأفضل,4,False,ArabHardware
Starfield,14907,قصة شيقة بشخصيات وحوارات ومفاجآت صادمة أسلوب لعب سلس وممتع حرية ضخمة في استكشاف عالم ديناميكي أكثر من 1000 كوكب منظومة تقمص أدوار تم اتقانها بشكل ممتاز تصميم مهام رئيسية وجانبية من أفضل ما رأيت تصميم مميز لأسلوب اللعب بالسفينة الفضائية وكأنها تجربة محاكاة طيران رسومات خلابة ومؤثرات صوتية وموسيقى تصويرية على أعلى مستوى تجربة تقنية شبه خالية من المشاكل وتلك أول مرة نرى ذلك الأمر من استوديو Bethesd كل ما تحتاجه هو اشتراك بـ 90 جنيه لتجربة هذه التحفة الفنية,10,True,ArabHardware
Starfield,14907,بعض العيوب البسيطة التي لم تؤثر على التجربة ككل,4,False,ArabHardware
Armored Core VI: Fires of Rubicon,15125,قصة رائعة بارتباط كبير بالشخصيات أسلوب لعب أكشن إدماني ومميز مواجهات زعماء أسطورية إمكانيات تخصيص على أعلى مستوى تصميم بصري وصوتي رائعين موسيقى تصويرية حماسية خاصةً في مواجهة الزعماء تجربة تقنية ممتازة بدعم حتى 120 إطار في الثانية مع عدم وجود أخطاء,9,True,ArabHardware
Armored Core VI: Fires of Rubicon,15125,بعض التكرار الملحوظ في تصميم المهام والأعداء العاديين,4,False,ArabHardware
Atlas Fallen,15002,تصميم بصري مُذهل بمحرك Unreal Engine 5 نظام حركة سلس وممتع أسلوب لعب بدأ بقوة في أول اللعبة أداء ثابت على حاسوب شخصي متوسط تجربة لعب تعاوني ممتعة,5,False,ArabHardware
Atlas Fallen,15002,تكرار في تصميم العالم والمهام مواجهات زعماء ضعيفة للغاية قصة شبه معدومة لم تُقدم أي شيء مشاكل تقنية ملحوظة وكثرتها جعلت التجربة مملة للغاية عدم استغلال نظام الـ RPG,4,False,ArabHardware
The Lord of the Rings: Gollum,13215,الأداء الصوتي مميزة خصوصًأ شخصية غولوم,4,False,ArabHardware
The Lord of the Rings: Gollum,13215,القصة ضعيفة جدًا وغير مشوقة التسلل في اللعبة قديم جدًا وبلا ابتكار البلاتفورم ممل وقديم مشاكل الكاميرا العديدة نظام الخيارات غير حقيقي,4,False,ArabHardware
Layers of Fear (2023),15078,قصة سوداوية بأحداث رائعة ومُظلمة ربط كافة أجزاء السلسلة بأسلوب مثالي أسلوب لعب يكون ممتعًا في بعض الأحيان استغلال العالم والبيئات في خدمة الرعب بشكل صحيح توظيف الخضات وتنفيذها في أوقاتٍ مثالية إستعراض تقني مُبهر لقدرات محرك Unreal Engine 5 مؤثرات صوتية وموسيقى تصويرية من أفضل ما يكون,8,True,ArabHardware
Layers of Fear (2023),15078,عدم تقديم أي تعديلات أو تحسينات على أسلوب اللعب بعض المشاكل التقنية التي واجهتني أثناء التجربة,4,False,ArabHardware
Amnesia: The Bunker,15036,قصة شيقة بأحداث مميزة رغم أن عمر اللعبة قصير، إلا أنه جعل التجربة أكثر منطقية بعدم المط في الأحداث أسلوب لعب ممتع كما تعودنا عليه من Amnesia تقديم ميكانيكيات لعب جديدة كليًا على السلسلة الرهبة والخوف المستمر في محاولة الحفاظ على الإضاءة تصميم صوتي مخيف ويضيف رهبة على التجربة اهتمام كبير بالتفاصيل الرسومية في كل شيء ببيئة اللعبة اللعبة ليس بها مشاكل تقنية كثيرة متوفرة من اليوم الأول على خدمة Xbox Game Pass,8,True,ArabHardware
Amnesia: The Bunker,15036,سعر اللعبة مرتفع قليلاً مقابل ما تُقدمه لك بعض المشاكل في ذكاء الوحش الاصطناعي وبعض عناصر البيئة اللعبة مُغلقة على 60 إطار في الثانية فقط على منصة الحاسب الشخصي,4,False,ArabHardware
Diablo IV,14353,القصة رائعة وبها الكثير من التفاصيل تصميم شخصية ليليث أكثر من رائع اللعبة تعطيك الحرية الكاملة في تخصيص شخصيتك محتوى اللعبة غني ومتنوع وبه الكثير من التفاصيل رسوم اللعبة ممتازة وساحرة شجرة المهارات ضخمة جدًا ومتشعبة قتال الزعماء ممتع والقتال عمومًا متين اللعبة تُعد عمل فني متكامل,9,True,ArabHardware
Diablo IV,14353,اللعبة نتطلبة وتحتاج لعتاد جيد,4,False,ArabHardware
Redfall,14768,تصميم العالم نفسه أحيانًا يكون جيدًا في مهام القصة مواجهة أسياد مصاصين الدماء رائعة وتُظهر قوة أسلوب اللعب موسيقى تصويرية من أفضل ما يكون وتنقل إحساس العالم ترجمة ممتازة للغة العربية التوجه الفني جميل,6,True,ArabHardware
Redfall,14768,من أضعف القصص التي قدمها الاستوديو شخصيات لم أستطع أن أحبها أو أرتبط بها أسلوب اللعب يُعاني معظم الوقت تصميم العالم يفتقر للتداخل والربط الذي تعودنا عليه القدرات الخارقة لا تخدم أسلوب اللعب بالشكل المطلوب تجربة اللعب التعاوني ضعيفة مع مشاكل يجب حلها اللعبة بها غباء وليس ذكاءً إصطناعيًا رسومات ضعيفة رغم جمال التوجه الفني اللعبة تُعاني تقنيًا على الحاسب الشخصي,4,False,ArabHardware
Atomic Heart,14171,N/A,N/A,N/A,ArabHardware
Like a Dragon: Ishin!,14311,أسلوب القتال ممتع ومتميز الكثير من الأنشطة الموجودة داخل اللعبة نظام الصيد والزراعة ممتع وقاتل للوقت القصة بسيطة وممتعة في نفس الوقت,5,False,ArabHardware
Like a Dragon: Ishin!,14311,الرسوم سيئة جدًا ولا ترتقي للجيل الحالي الريميك لا يقدم جديد بالمقارنة مع النسخة الأصلية الموسيقى شبه غائبة عن اللعبة وجود بعض المشاكل التقنية داخل اللعبة,4,False,ArabHardware
Dead Space (Remake),13897,تحسين السرد القصصي إضافات جيدة تجعل أسلوب اللعب أكثر متعة تجربة بصرية من الأفضل في الصناعة صوتيات ثلاثية الأبعاد تجعلك تنغمس في التجربة وتشعر بالرهبة أداء تقني ممتاز على منصة الحاسب الشخصي الاهتمام بكل التفاصيل في تصميم العالم,9,True,ArabHardware
Dead Space (Remake),13897,عدم تغيير تصميم بعض المهام المملة عدم دعم اللغة العربية,4,False,ArabHardware
Hi-Fi Rush,14227,قصة شيقة بشخصيات أسطورية أسلوب لعب إدماني توجه فني رائع برسومات خلابة موسيقى تصويرية تجعلك متحمسًا طوال التجربة أداء تقني ممتاز من أفضل التعريبات التي قدمتها لنا Bethesda,5,False,ArabHardware
Hi-Fi Rush,14227,تصميم بعض الألغاز والـ Platforming لم يكن أفضل شيء,4,False,ArabHardware
The Callisto Protocol,13372,عالم رائع يفتح الطريق لسلسلة قوية أسلوب اللعب يتألق في بعض اللحظات تنوع جيد في الأعداء رسومات هي الأفضل في صناعة الألعاب بدون شك مؤثرات صوتية وموسيقى تصويرية فوق الممتازة أداء تمثيلي رائع، وأفضل تصميم لوجوه الشخصيات التحديث الأخير حسن من الأداء التقني بشكل ملحوظ,7,True,ArabHardware
The Callisto Protocol,13372,القصة لم تجذبني من البداية للنهاية المواجهات اليدوية تُعاني بسبب نظام التفادي العالم كان يحتاج لبعض التوسعات ليكون قابلاً للاستكشاف عدم دعم اللغة العربية على الرغم من وجودها في كل العروض,4,False,ArabHardware
Marvel's Midnight Suns,13373,أسلوب القتال ممتع يدمج بين التكتيك وألعاب البطاقات كتابة شخصية Hunter رائعة وممتعة يمكنك اللعب بعدد كبير من شخصيات مارفيل يوجد العديد من الأنشطة داخل اللعبة حركات القتال والضربات ممتعة ومثيرة,5,False,ArabHardware
Marvel's Midnight Suns,13373,مشاكل اداء بالجملة الرسوم قديمة قليلًا القصة خفيفة ونمطية,4,False,ArabHardware
Evil West,13378,قصة اللعبة جيدة وتخدم التجربة بشكل مقبول أسلوب لعب مثالي أتمنى أن أرى مثله كثيرًا في المستقبل رسومات جيدة تُبهرنا بمدى تنوعها في كل مرحلة صوتيات و موسيقى تصويرية تُزيدان من حماسك أداء صوتي مُتقن ورائع أداء تقني خرافي على الحاسب الشخصي,8,True,ArabHardware
Evil West,13378,اللعبة لا تُقدم أفضل قيمة مقابل سعر بعض الأخطاء التقنية البسيطة للغاية التكرار الملحوظ في الأعداء والألغاز,4,False,ArabHardware
Mount & Blade II: Bannerlord,13880,أسلوب القتال في المعارك تحسن بشكل كبير أنشطة اللعبة متنوعة وكثيرة جدًا تحسن ملحوظ في الرسوم بالمقارنة مع الجزء الأول الموسيقى في اللعبة ممتازة النظام السياسي عميق وممتع,5,False,ArabHardware
Mount & Blade II: Bannerlord,13880,معارك المُدن صعبة بسبب التصميم هناك بعض مشاكل الأداء ملامح الشخصيات غريبة,4,False,ArabHardware
Call of Duty: Warzone 2.0,14009,خريطة أسلوب اللعب قوي ومميزاته الجديدة تُزيد التجربة مُتعة فكرة الـ Loadouts الجديدة جعلت اللعبة أكثر صعوبة سجن الـ Gulag الجديد يجعلك تضع ثقتك في اللاعبين العشوائيين طور لعب DMZ يُقدم تغيير مطلوب على عالم Call of Duty,8,True,ArabHardware
Call of Duty: Warzone 2.0,14009,الذكاء الإصطناعي يحتاج لبعض التعديلات طور لعب DMZ يجب أن يكون أكثر صعوبة من ذلك اللعبة بها مجموعة من المشاكل التقنية على الحاسب الشخصي,4,False,ArabHardware
The Dark Pictures Anthology: The Devil in Me,13688,تصميم ورسومات البيئات رائعة وبالأخص الفندق المؤثرات الصوتية والموسيقى التصويرية حسنا من التجربة أحد المشاهد في اللعبة جعلني خائفًا لدقائق متتالية,5,False,ArabHardware
The Dark Pictures Anthology: The Devil in Me,13688,قصة ليست شيقة على الإطلاق شخصيات مُملة لا تجذبك ولا تجعلك تهتم بهم و بحياتهم تصميم الشخصيات و إلتقاطهم الحركي سيء للغاية المخرج اعتمد على رعب الخضات التي لم تخضني إنها لعبة رعب غير مُرعبة أساسًا الخيارات لا تؤثر كثيرًا على مجرى الأحداث زوايا الكاميرا جعلتني أود أن أخبط رأسي بالحائط عدم دعم اللغة العربية بسبب مشهد لا يوجد له داعي,4,False,ArabHardware
Somerville,13961,قصة شيقة بحبكة مُبهمة تجعلك مُندمجًا معها ألغاز صعبة تحتاج منك التركيز لحلها تصميم رسومي يعكس مدى كآبة هذا العالم الميت المؤثرات الصوتية والموسيقى التصويرية مميزتان لا تحتاج لمواصفات مرتفعة,5,False,ArabHardware
Somerville,13961,عدم دعم الماوس والكيبورد في لعبة تصدر على الحاسب الشخصي بعض المشاكل في التحكم بشكل عام,4,False,ArabHardware
Call of Duty: Modern Warfare II (2022),13349,أسلوب لعب من أفضل ما يكون تصميم خرائط الـ 6 ضد 6 جيد جدًا إلى حدٍ ما نظام الـ Gunsmith عبقري محتوى ممتاز لطور الأونلاين Multiplayer وقت الإصدار تنوع كبير في الأسلحة، العتاد، الـ Perks، والـ Killstreaks إمكانية تخصيص كل شيء بالشكل الذي يُناسبك تصميم صوتي خرافي,5,False,ArabHardware
Call of Duty: Modern Warfare II (2022),13349,تشابه في تصميم خرائط Ground War خريطة Santa Sena Border Crossing من أسوأ تصميم الخرائط الذي رأيته للأسف مهام Spec Ops قليلة للغاية وقت الإصدار الأداء التقني ليس مُستقرًا,4,False,ArabHardware
A Plague Tale: Requiem,13346,قصة اللعبة قوية ومؤثرة على الرغم من وجود بعض المشاكل بها شخصية أميسيا مميزة وتجعلك تتعلق بها نظام شجرة المهارات واقعي جدًا وممتع تصميم الفئران مرعب بحق والأعداد هائلة الموسيقى ممتعة والأداء الصوتي مبهر,5,False,ArabHardware
A Plague Tale: Requiem,13346,تصميم المراحل ممل ويطعن اللعبة في جوهرها الذكاء الاصطناعي للجنود منخفض جدًا وجود مشاكل كبيرة في الأداء عدد فصول اللعبة أطول من اللازم,4,False,ArabHardware
Scorn,13773,أحد أروع وأغرب العوالم التي انغمست فيها في تاريخ صناعة الألعاب قصة مُبهمة تجعلك تود اكتشاف كل شبر في اللعبة لفهمها اللعبة خلابة رسوميًا وتنقل طابع جديد ومختلف تصميم مميز لكل شيء في اللعبة سواء الأسلحة، الأعداء، أو البيئات تصميم صوتي مُخيف يُقدم شعور بعدم الطمأنينة تجربة تقنية ممتازة على الحاسب الشخصي,7,True,ArabHardware
Scorn,13773,التشابه في معظم مناطق اللعبة نظام حفظ عقيم نسبيًا عدم استغلال الأعداء بالشكل المناسب الألغاز ستجعلك تشعر بالملل أحيانًا,4,False,ArabHardware
FIFA 23,13725,رسوميات رائعة. رسوم متحركة وأنيمشينز أفضل من أي وقت مضى بفضل تقنية HyperMotion 2. دعم اللعب المشترك لأول مرة Cross-Play. تغييرات نمط المهنة Career Mode مرضية والطور نفسه ممتع. نظام جديد جيد للركلات الثابتة. طريقة التصويب الجديدة Power Shot متوازنة. إمكانية تمرير ورفع وتصويب الكرة بوجة القدم الخارجي باستخدام L2 تبدو مثيرة. التدخلات أو الـ Slide Tackle جيدة. نظام الـ Moments في الألتميت تيم إضافة مقبولة لمن يبحث عن بناء فريقه بأقل التكاليف. إضافة دورين كاملين من العناصر النسائية. قوائم سلسلة وصوتيات رائعة.,5,False,ArabHardware
FIFA 23,13725,أسلوب اللعب بطئ ويميل إلى الملل. هناك ثقل في الحركة بشكل عام لجميع اللاعبين. نظام التمريرات في اللعبة كارثي. نظام التناغم الجديد مُعقد. طور الـ Pro Clubs مازال مهمل حتى لم يحصل على دعم اللعب المشترك. المعاملات الرقمية المدفوعة Microtransactions مرض لم تتخلص منه اللعبة. اللعبة تعاني من مشكلات تقنية على الحاسب الشخصي,4,False,ArabHardware
Steelrising,13615,قصة تاريخ بديل مميزة للثورة الفرنسية أسلوب لعب صعب، ولكنه أكثر مرونة من ألعاب السولز الأصلية تصميم العالم مُبتكر ومختلف عن ألعاب السولز التي تعودنا عليها إمكانيات تخصيص وتعديل رائعة على الأسلحة، الشخصية الرئيسية، والقدرات المختلفة رسومات خلابة تتضح في تصميم البيئات بمناظرها الطبيعية تمثيل صوتي ممتاز مُقدم بأسلوب مميز,8,True,ArabHardware
Steelrising,13615,الترجمة العربية ليست الأفضل اللعبة بها بعض المشاكل التقنية تُعاني اللعبة من بعض التكرار في التصميم,4,False,ArabHardware
Saints Row,11879,حس فكاهي جيد تصميم مميز لبعض مهام القصة الرئيسية أسلوب اللعب من أمتع ما يكون إمكانيات تخصيص لا تُعد ولا تُحصى إتقان المزيج الرسومي بين الواقعية والكرتونية موسيقى تصويرية حماسية رائعة,5,False,ArabHardware
Saints Row,11879,القصة من السهل نسيانها وكذلك الشخصيات عالم مفتوح لا يجذبك لاستكشافه كم كبير من المشاكل التقنية الذكاء الإصطناعي ضعيف للغاية عدم استغلال تقنية تتبع الأشعة بالقدر الكافي عدم استخدام تقنيات مثل Nvidia DLSS و AMD FSR في 2022 عدم دعم اللغة العربية في اللعبة بأي شكل من الأشكال,4,False,ArabHardware
Halo Infinite,12088,القصة الأفضل منذ لعبة Halo 3 فكرة العالم المفتوح في ألعاب Halo هي إضافة مميزة تنوع في استخدامات العتاد ذكاء اصطناعي أسطوري سيشكل لك صعوبات كبيرة رسومات خلابة وتم تحسينها بشكل ضخم عن السابق معظم أحداث اللعبة مأخوذة بنمط One Shot تمثيل صوتي مميز كالعادة مع أصوات محيطية قوية للبيئات والأسلحة أداء تقني ثابت معظم الوقت,5,False,ArabHardware
Halo Infinite,12088,بعض المشاكل التقنية التي يمكن حلها بتحديثات مستقبلية,4,False,ArabHardware
Forza Horizon 5,11624,العالم الأضخم في تاريخ سلسلة فوزرا هورايزن! رسوميات خرافية من الجيل المٌقبل بحق. طور القصة رحلة رائعة لإستكشاف خريطة المكسيك بالكامل والتعرف على كل أطوار اللعب. محتوى اللعبة ضخم، مئات الأنشطة المختلفة التي يمكنك المشاركة بها سواء في الوضع الفردي أو الجماعي. إضافة أطوار Horizon Arcade و Events Lab. أسلوب اللعب يتميز بالجمع ما بين القيادة الأركيدية ومزيج من الواقعية على الطريق. إمكانية تخصيص كل شئ تقريباً، من شخصيتك مروراً بالسياراة وتعديل الوزنيات وإضافة المهارات. اللعبة تُكافئك بنقاط الخبرة والأموال على كل حركة تقريباً تقوم بها في العالم المفتوح. نظام الطقس الديناميكي كان إضافة مُذهلة. العواصف الرملية والرعدية أعطت عالم اللعبة طابع خاص. واحدة من أفضل الألعاب التي تصور مظهر الغيوم والسماء. إستخدام بيانات القياس التصويري Photogrammetry في بعض المعالم في اللعبة. إستمرار نظام المواسم من الجزء السابق. قائمة كاملة تضم أكثر من 500 سيارة ما بين الحديثة والكلاسيكة. أداء اللعبة جيد جداً على الحاسب الشخصي. أصوات المحرك حصلت على تحديث ضخم وأفضل من الجزء الرابع.,9,True,ArabHardware
Forza Horizon 5,11624,فيزيائية التصادم والتحطيم للسيارات تعتبر كما هي وهي أقل عناصر اللعبة. للتقدم في القصة، تحتاج لجمع نقاط Accolade بشكل إجباري. كثافة السيارات في الشوارع قليلة بعض الشئ. نمط الـ Quality يقدم 30 إطار فقط على أجهزة أكس بوكس. دعم تتبع الأشعة مقتصر فقط على Forza Vista. لا يوجد دعم للغة العربية.,4,False,ArabHardware
Age of Empires IV,11623,محتوى لعب مكثف وطور مهمات أسطوري المعارك أصبحت أكثر استراتيجية جميع الحضارات موزونة وكل حضارة لها متعتها الخاصة أحداث طور المهمات مبني على أحداث تاريخية عظيمة صوت الراوية ممتاز واجهة التحكم الخاصة باللعبة مثالية وواضحة عكس معظم الأالعاب الاستراتيجية اللعبة تحافظ على إرثها وطريقتها المعروفة,5,False,ArabHardware
Age of Empires IV,11623,أساليب الدفاع ضعيفة تفاصيل الجنود وحركتهم ليست افضل ما يكون,4,False,ArabHardware
FIFA 21,9817,إضافة الطور التعاوني CO-OP في طور الألتميت تيم. إمكانية تخصيص الملعب الخاص بك هي إضافة جيدة. تغييرات طور المهنة Career Mode وتصليح مشكلة الصعوبة. قوائم اللعبة وتقديمها مع الصوتيات مازال أفضل شئ يُميز السلسلة. الـ Agile Dribbling كان مُفيد في بعض الأوقات.,6,True,ArabHardware
FIFA 21,9817,نُسخة متطابقة بشكل كبير من نسخة العام الماضي. أسلوب اللعب لم يحصل على كثير من التغييرات. لا يوجد أي تغيير يُذكر على الرسوميات. طور الـ Pro Clubs مازال مُهمل. طور الألتميت تيم يُعج بالمعاملات الرقمية المدفوعة Microtransactions. طور الـ Volta يُحتاج لمزيد من العمل لكي يجذب اللاعبين. لا وجود لطور القصة بعد إنتهاء قصة أليكس هانتر في نسخة 19. دعم اللعب المُشترك عبر المنصات Cross Play مازال مفقود. اللعبة لا تستحق مبلغ 60 دولار.,4,False,ArabHardware
F1 2020,9487,إضافة My Team شكلت جزءاً كبيراً من قيمة هذا الإصدار. إمكانية تخصيص الصعوبة المناسبة لك. نظام إستعادة طاقة السيارة ERS لازال يمثل جزء مهم. سباقات Grand Prix ممتعة. 26 حلبة مختلفة للسباق هو العدد الأكبر في تاريخ السلسلة. عودة ميزة انقسام الشاشة Split-Screen.,8,True,ArabHardware
F1 2020,9487,لا يوجد تطوير حقيقي على أسلوب اللعب. الرسوميات متوسطة ولا ترقى لألعاب السيارات الأخرى. طور تعدد اللاعبين فقير ويحتاج لمزيد من الأنماط. القوائم داخل طور My Team تبدو فوضوية بعض الشيء. نمط المهنة لم يحصل على أي إضافة جديدة.,4,False,ArabHardware
Valorant,9573,أسلوب لعب يجمع ما بين دقة التصويب للعبة CS:GO وإستخدام القدرات كلعبة Overwatch. إمكانية التصويب تحت المنظار Aim Down Sights. تصميم الشخصيات مُذهل. فكرة النظام المالي في اللعبة عظيمة، وشراء القدرات في كل جولة يُعظم من اهمية المال. جميع الأسلحة متوازنة ولا يوجد بها الكثير من التعقيد. جميع الخرائط الموجودة تتميز بميكانيكا فريدة من نوعها ، ويمكن تطبيق التكتيكات عليها. أصوات خطوات الأعداء دقيقة للغاية ويعتمد عليها. الأداء الصوتي للشخصيات باللعبة أقل ما يقال عنه أنه ابداعي. أداء اللعبة مُناسب للأجهزة الضعيفة. اللعبة مجانية بالكامل.,5,False,ArabHardware
Valorant,9573,عناصر التدمير في الخرائط محدودة للغاية. الكثير من العناصر المُقتبسة من لعبة CS:GO بشكل واضح. صعوبة التحرك أثناء تلقي الضربات أكثر إقتباس لم يعجبني من CS:GO. رسوميات اللعبة فقيرة للعبة صادرة في 2020. فتح جميع العملاء سيتطلب الكثير من الوقت. عناصر الشراء الداخلية Microtransactions مُبالغ في أسعارها.,4,False,ArabHardware
Minecraft Dungeons,9258,أسلوب اللعب والحركة سهل وممتع تقديم مُغاير لعالم Minecraft المحبوب. رسوميات من عالم ماين كرافت الأصلي تتميز بالألوان المُبهجة. التقديم الصوتي والصوتيات في اللعبة ممتازة. إمكانية اللعب مع الأصدقاء عن طريق الشبكة المحلية.,7,True,ArabHardware
Minecraft Dungeons,9258,عناصر RPG ضعيفة. خرائط اللعبة لا تساعد على الاستكشاف، اللعبة تبدو خطية تماماً. مدة اللعبة قصيرة للغاية. اللعبة تُصبح مملة ومكررة مع الوقت. لا يوجد Online Matchmaking.,4,False,ArabHardware
Streets of Rage 4,9380,الحفاظ على روح اللعبة الأصلية وعودة بعد غياب 26 عاماً. رسوميات مصورة بشكل فني رائع يواكب العصر. تنوع كبير في الأعداء وطريقة قتالهم. مجموعة مُختلفة للشخصيات التي يُمكنك أن تلعب بهم. إمكانية خوض طور القصة مع صديقك عن طريق الانترنت أو Local. تصميم المراحل يتميز بالتنوع. يُمكن إستخدام بيئة اللعبة في هزيمة الأعداء.,5,False,ArabHardware
Streets of Rage 4,9380,عمر اللعبة قصير. لا يوجد تمثيل صوتي في المقاطع السينمائية.,4,False,ArabHardware
